site_no,site_name,lat,lon,variable_code,variable_name,value,value_time,usgs_status,error
180455066301701,"CANAL DE JUANA DIAZ AT LAGO GUAYABAL, PR",18.082058,-66.504639,00060,"Streamflow, ft&#179;/s",20.8,2026-07-03T17:15:00.000-04:00,ok,
180455066301701,"CANAL DE JUANA DIAZ AT LAGO GUAYABAL, PR",18.082058,-66.504639,00065,"Gage height, ft",1.68,2026-07-03T17:15:00.000-04:00,ok,
182743067004200,"CANAL PRINCIPAL DIVERSION BLW FOREBAY, ISABELA, PR",18.462036,-67.011683,00060,"Streamflow, ft&#179;/s",25.6,2026-07-03T16:30:00.000-04:00,ok,
182743067004200,"CANAL PRINCIPAL DIVERSION BLW FOREBAY, ISABELA, PR",18.462036,-67.011683,00065,"Gage height, ft",5.16,2026-07-03T16:30:00.000-04:00,ok,
182827067040500,"LAGO GUERRERO NR ISABELA, PR",18.47416667,-67.06805556,00065,"Gage height, ft",407.4,2026-07-03T17:30:00.000-04:00,ok,
182830067035900,"CANAL PRINCIPAL DIVERSION ABV. LAGO GUERRERO, PR",18.475,-67.066389,00060,"Streamflow, ft&#179;/s",25.8,2026-07-03T17:00:00.000-04:00,ok,
182830067035900,"CANAL PRINCIPAL DIVERSION ABV. LAGO GUERRERO, PR",18.475,-67.066389,00065,"Gage height, ft",1.77,2026-07-03T17:00:00.000-04:00,ok,
50010500,"RIO GUAJATACA AT LARES, PR",18.29920278,-66.87386389,00060,"Streamflow, ft&#179;/s",16.8,2026-07-03T17:15:00.000-04:00,ok,
50010500,"RIO GUAJATACA AT LARES, PR",18.29920278,-66.87386389,00065,"Gage height, ft",8.31,2026-07-03T17:15:00.000-04:00,ok,
50010600,"RIO GUAJATACA ABV LAGO DE GUAJATACA, PR",18.33050613,-66.91601056,00060,"Streamflow, ft&#179;/s",,,ok,
50011000,"CANAL DE DERIVACION AT LAGO DE GUAJATACA, PR",18.399517,-66.927506,00060,"Streamflow, ft&#179;/s",61.3,2026-07-03T16:45:00.000-04:00,ok,
50011000,"CANAL DE DERIVACION AT LAGO DE GUAJATACA, PR",18.399517,-66.927506,00065,"Gage height, ft",3.42,2026-07-03T16:45:00.000-04:00,ok,
50011085,"CANAL DE MOCA ABV LAGO REGULADOR (E13) ISABELA, PR",18.457344,-67.027883,00060,"Streamflow, ft&#179;/s",27.8,2026-07-03T17:15:00.000-04:00,ok,
50011085,"CANAL DE MOCA ABV LAGO REGULADOR (E13) ISABELA, PR",18.457344,-67.027883,00065,"Gage height, ft",1.84,2026-07-03T17:15:00.000-04:00,ok,
50011128,"CANAL MOCA ABV AGUADILLA PLANT, AGUADILLA, PR",18.449219,-67.137322,00060,"Streamflow, ft&#179;/s",5.77,2026-07-03T16:30:00.000-04:00,ok,
50011128,"CANAL MOCA ABV AGUADILLA PLANT, AGUADILLA, PR",18.449219,-67.137322,00065,"Gage height, ft",1.3,2026-07-03T16:30:00.000-04:00,ok,
50011180,"CANAL DE AGUADILLA ABV LAGO RAMEY, AGUADILLA PR",18.474639,-67.115686,00065,"Gage height, ft",1.64,2026-07-03T16:45:00.000-04:00,ok,
50011200,"RIO GUAJATACA BLW LAGO GUAJATACA, PR",18.400278,-66.927778,00060,"Streamflow, ft&#179;/s",5.32,2026-07-03T16:45:00.000-04:00,ok,
50011200,"RIO GUAJATACA BLW LAGO GUAJATACA, PR",18.400278,-66.927778,00065,"Gage height, ft",5.21,2026-07-03T16:45:00.000-04:00,ok,
50011400,"RIO GUAJATACA ABV MOUTH NR QUEBRADILLAS, PR",18.4732773,-66.96240108,00060,"Streamflow, ft&#179;/s",,,ok,
50014800,"RIO CAMUY NR BAYANEY, PR",18.396436,-66.817986,00060,"Streamflow, ft&#179;/s",63.8,2026-07-03T16:30:00.000-04:00,ok,
50014800,"RIO CAMUY NR BAYANEY, PR",18.396436,-66.817986,00065,"Gage height, ft",5.13,2026-07-03T16:30:00.000-04:00,ok,
50021700,"RIO GRANDE DE ARECIBO ABV UTUADO, PR",18.244197,-66.722292,00060,"Streamflow, ft&#179;/s",40.8,2026-07-03T16:45:00.000-04:00,ok,
50021700,"RIO GRANDE DE ARECIBO ABV UTUADO, PR",18.244197,-66.722292,00065,"Gage height, ft",4.06,2026-07-03T16:45:00.000-04:00,ok,
50024950,"RIO GRANDE DE ARECIBO BLW UTUADO, PR",18.302092,-66.704097,00060,"Streamflow, ft&#179;/s",116.0,2026-07-03T16:45:00.000-04:00,ok,
50024950,"RIO GRANDE DE ARECIBO BLW UTUADO, PR",18.302092,-66.704097,00065,"Gage height, ft",4.52,2026-07-03T16:45:00.000-04:00,ok,
50025155,"RIO SALIENTE AT COABEY NR JAYUYA, PR",18.212817,-66.563186,00060,"Streamflow, ft&#179;/s",11.0,2026-07-03T17:30:00.000-04:00,ok,
50025155,"RIO SALIENTE AT COABEY NR JAYUYA, PR",18.212817,-66.563186,00065,"Gage height, ft",3.05,2026-07-03T17:30:00.000-04:00,ok,
50026025,"RIO CAONILLAS AT PASO PALMA, PR",18.231417,-66.637089,00060,"Streamflow, ft&#179;/s",37.3,2026-07-03T17:00:00.000-04:00,ok,
50026025,"RIO CAONILLAS AT PASO PALMA, PR",18.231417,-66.637089,00065,"Gage height, ft",3.65,2026-07-03T17:00:00.000-04:00,ok,
50027000,"RIO LIMON ABV LAGO DOS BOCAS, PR",18.326094,-66.621028,00060,"Streamflow, ft&#179;/s",541.0,2026-07-03T17:30:00.000-04:00,ok,
50027000,"RIO LIMON ABV LAGO DOS BOCAS, PR",18.326094,-66.621028,00065,"Gage height, ft",9.01,2026-07-03T17:30:00.000-04:00,ok,
50027600,"RIO GRANDE DE ARECIBO NR SAN PEDRO, PR",18.398819,-66.691558,00060,"Streamflow, ft&#179;/s",68.0,2026-07-03T17:30:00.000-04:00,ok,
50027600,"RIO GRANDE DE ARECIBO NR SAN PEDRO, PR",18.398819,-66.691558,00065,"Gage height, ft",6.47,2026-07-03T17:30:00.000-04:00,ok,
50028000,"RIO TANAMA NR UTUADO, PR",18.300725,-66.783014,00060,"Streamflow, ft&#179;/s",13.4,2026-07-03T17:30:00.000-04:00,ok,
50028000,"RIO TANAMA NR UTUADO, PR",18.300725,-66.783014,00065,"Gage height, ft",3.06,2026-07-03T17:30:00.000-04:00,ok,
50028400,"RIO TANAMA AT CHARCO HONDO, PR",18.414097,-66.714708,00060,"Streamflow, ft&#179;/s",59.8,2026-07-03T17:30:00.000-04:00,ok,
50028400,"RIO TANAMA AT CHARCO HONDO, PR",18.414097,-66.714708,00065,"Gage height, ft",3.43,2026-07-03T17:30:00.000-04:00,ok,
50031000,"RIO GRANDE DE MANATI AT HWY 155 NR MOROVIS, PR",18.299444,-66.41,00060,"Streamflow, ft&#179;/s",22.9,2026-07-03T17:15:00.000-04:00,ok,
50031000,"RIO GRANDE DE MANATI AT HWY 155 NR MOROVIS, PR",18.299444,-66.41,00065,"Gage height, ft",2.91,2026-07-03T17:15:00.000-04:00,ok,
50034000,"RIO BAUTA NR OROCOVIS, PR",18.235956,-66.454828,00060,"Streamflow, ft&#179;/s",9.42,2026-07-03T17:30:00.000-04:00,ok,
50034000,"RIO BAUTA NR OROCOVIS, PR",18.235956,-66.454828,00065,"Gage height, ft",3.66,2026-07-03T17:30:00.000-04:00,ok,
50035000,"RIO GRANDE DE MANATI AT CIALES, PR",18.324431,-66.459953,00060,"Streamflow, ft&#179;/s",62.2,2026-07-03T16:30:00.000-04:00,ok,
50035000,"RIO GRANDE DE MANATI AT CIALES, PR",18.324431,-66.459953,00065,"Gage height, ft",2.33,2026-07-03T16:30:00.000-04:00,ok,
50037000,"RIO GRANDE DE MANATI NR MANATI, PR",18.399444,-66.496944,00060,"Streamflow, ft&#179;/s",128.0,2026-07-03T16:45:00.000-04:00,ok,
50037000,"RIO GRANDE DE MANATI NR MANATI, PR",18.399444,-66.496944,00065,"Gage height, ft",10.5,2026-07-03T16:45:00.000-04:00,ok,
50038100,"RIO GRANDE DE MANATI AT HWY 2 NR MANATI, PR",18.42897201,-66.5264747,00060,"Streamflow, ft&#179;/s",,,ok,
50038100,"RIO GRANDE DE MANATI AT HWY 2 NR MANATI, PR",18.42897201,-66.5264747,00065,"Gage height, ft",,,ok,
50038300,"RIO COROZAL AT COROZAL, PR",18.344583,-66.322333,00060,"Streamflow, ft&#179;/s",3.54,2026-07-03T17:00:00.000-04:00,ok,
50038300,"RIO COROZAL AT COROZAL, PR",18.344583,-66.322333,00065,"Gage height, ft",4.52,2026-07-03T17:00:00.000-04:00,ok,
50039500,"RIO CIBUCO AT VEGA BAJA, PR",18.447328,-66.374375,00060,"Streamflow, ft&#179;/s",26.0,2026-07-03T17:30:00.000-04:00,ok,
50039500,"RIO CIBUCO AT VEGA BAJA, PR",18.447328,-66.374375,00065,"Gage height, ft",4.31,2026-07-03T17:30:00.000-04:00,ok,
50039995,"LAGO CARITE AT SPILLWAY, PR",18.07524014,-66.10683237,00060,"Streamflow, ft&#179;/s",,,ok,
50040800,"RIO DE LA PLATA AT CAYEY, PR",18.136389,-66.138611,00060,"Streamflow, ft&#179;/s",,,ok,
50040800,"RIO DE LA PLATA AT CAYEY, PR",18.136389,-66.138611,00065,"Gage height, ft",4.19,2026-07-03T17:30:00.000-04:00,ok,
50043000,"RIO DE LA PLATA AT PROYECTO LA PLATA, PR",18.16,-66.228889,00060,"Streamflow, ft&#179;/s",0.0,2026-07-03T17:15:00.000-04:00,ok,
50043000,"RIO DE LA PLATA AT PROYECTO LA PLATA, PR",18.16,-66.228889,00065,"Gage height, ft",9.94,2026-07-03T17:15:00.000-04:00,ok,
50043197,"RIO USABON AT HWY 162 NR BARRANQUITAS, PR",18.161539,-66.309422,00060,"Streamflow, ft&#179;/s",1.98,2026-07-03T17:00:00.000-04:00,ok,
50043197,"RIO USABON AT HWY 162 NR BARRANQUITAS, PR",18.161539,-66.309422,00065,"Gage height, ft",2.88,2026-07-03T17:00:00.000-04:00,ok,
50043800,"RIO DE LA PLATA AT COMERIO, PR",18.222158,-66.224619,00060,"Streamflow, ft&#179;/s",25.9,2026-07-03T16:30:00.000-04:00,ok,
50043800,"RIO DE LA PLATA AT COMERIO, PR",18.222158,-66.224619,00065,"Gage height, ft",5.11,2026-07-03T16:30:00.000-04:00,ok,
50043950,"RIO ARROYATA AT HWY 7774 NR CIDRA, PR",18.201111,-66.209444,00060,"Streamflow, ft&#179;/s",2.28,2026-07-03T17:15:00.000-04:00,ok,
50043950,"RIO ARROYATA AT HWY 7774 NR CIDRA, PR",18.201111,-66.209444,00065,"Gage height, ft",2.53,2026-07-03T17:15:00.000-04:00,ok,
50044210,"RIO DE LA PLATA BLW REPRESA COMERIO, PR",18.274275,-66.206078,00065,"Gage height, ft",5.22,2026-07-03T17:00:00.000-04:00,ok,
50044810,"RIO GUADIANA NR GUADIANA, NARANJITO PR",18.301403,-66.228581,00060,"Streamflow, ft&#179;/s",6.15,2026-07-03T16:30:00.000-04:00,ok,
50044810,"RIO GUADIANA NR GUADIANA, NARANJITO PR",18.301403,-66.228581,00065,"Gage height, ft",1.72,2026-07-03T16:30:00.000-04:00,ok,
50045010,"RIO DE LA PLATA BLW LA PLATA DAMSITE, PR",18.346006,-66.238814,00060,"Streamflow, ft&#179;/s",0.03,2026-07-03T17:30:00.000-04:00,ok,
50045010,"RIO DE LA PLATA BLW LA PLATA DAMSITE, PR",18.346006,-66.238814,00065,"Gage height, ft",6.79,2026-07-03T17:30:00.000-04:00,ok,
50046000,"RIO DE LA PLATA AT HWY 2 NR TOA ALTA, PR",18.411589,-66.260958,00060,"Streamflow, ft&#179;/s",25.3,2026-07-03T16:30:00.000-04:00,ok,
50046000,"RIO DE LA PLATA AT HWY 2 NR TOA ALTA, PR",18.411589,-66.260958,00065,"Gage height, ft",3.34,2026-07-03T16:30:00.000-04:00,ok,
50047535,"RIO DE BAYAMON AT ARENAS, PR",18.169167,-66.121944,00060,"Streamflow, ft&#179;/s",0.08,2026-07-03T16:30:00.000-04:00,ok,
50047535,"RIO DE BAYAMON AT ARENAS, PR",18.169167,-66.121944,00065,"Gage height, ft",1.38,2026-07-03T16:30:00.000-04:00,ok,
50047560,"RIO DE BAYAMON BLW LAGO DE CIDRA DAM, PR",18.202778,-66.139167,00060,"Streamflow, ft&#179;/s",2.22,2026-07-03T17:15:00.000-04:00,ok,
50047560,"RIO DE BAYAMON BLW LAGO DE CIDRA DAM, PR",18.202778,-66.139167,00065,"Gage height, ft",5.58,2026-07-03T17:15:00.000-04:00,ok,
50047850,"RIO DE BAYAMON NR BAYAMON, PR",18.334278,-66.139478,00060,"Streamflow, ft&#179;/s",6.42,2026-07-03T17:00:00.000-04:00,ok,
50047850,"RIO DE BAYAMON NR BAYAMON, PR",18.334278,-66.139478,00065,"Gage height, ft",1.78,2026-07-03T17:00:00.000-04:00,ok,
50048565,"QUEBRADA SANTA CATALINA NEAR GUAYNABO, PR",18.409028,-66.118472,00065,"Gage height, ft",1.03,2026-07-03T17:30:00.000-04:00,ok,
50049100,"RIO PIEDRAS AT HATO REY, PR",18.40955,-66.069333,00060,"Streamflow, ft&#179;/s",11.2,2026-07-03T17:15:00.000-04:00,ok,
50049100,"RIO PIEDRAS AT HATO REY, PR",18.40955,-66.069333,00065,"Gage height, ft",3.6,2026-07-03T17:15:00.000-04:00,ok,
50049310,"QUEBRADA JOSEFINA AT PINERO AVENUE, PR",18.409167,-66.075556,00060,"Streamflow, ft&#179;/s",2.81,2026-07-03T17:00:00.000-04:00,ok,
50049310,"QUEBRADA JOSEFINA AT PINERO AVENUE, PR",18.409167,-66.075556,00065,"Gage height, ft",1.47,2026-07-03T17:00:00.000-04:00,ok,
50049620,"QDA. MARGARITA AT CAPARRA INTER. NR GUAYNABO, PR",18.415528,-66.103361,00060,"Streamflow, ft&#179;/s",2.19,2026-07-03T16:45:00.000-04:00,ok,
50049620,"QDA. MARGARITA AT CAPARRA INTER. NR GUAYNABO, PR",18.415528,-66.103361,00065,"Gage height, ft",2.71,2026-07-03T16:45:00.000-04:00,ok,
50050900,"RIO GRANDE DE LOIZA AT QUEBRADA ARENAS, PR",18.12,-65.988611,00060,"Streamflow, ft&#179;/s",8.07,2026-07-03T17:00:00.000-04:00,ok,
50050900,"RIO GRANDE DE LOIZA AT QUEBRADA ARENAS, PR",18.12,-65.988611,00065,"Gage height, ft",4.9,2026-07-03T17:00:00.000-04:00,ok,
50051310,"RIO CAYAGUAS AT CERRO GORDO, PR",18.153864,-65.956706,00060,"Streamflow, ft&#179;/s",15.7,2026-07-03T16:30:00.000-04:00,ok,
50051310,"RIO CAYAGUAS AT CERRO GORDO, PR",18.153864,-65.956706,00065,"Gage height, ft",6.04,2026-07-03T16:30:00.000-04:00,ok,
50051800,"RIO GRANDE DE LOIZA AT HWY 183 SAN LORENZO, PR",18.185706,-65.961447,00060,"Streamflow, ft&#179;/s",30.1,2026-07-03T17:15:00.000-04:00,ok,
50051800,"RIO GRANDE DE LOIZA AT HWY 183 SAN LORENZO, PR",18.185706,-65.961447,00065,"Gage height, ft",7.32,2026-07-03T17:15:00.000-04:00,ok,
50053025,"RIO TURABO ABV BORINQUEN, PR",18.162222,-66.04,00060,"Streamflow, ft&#179;/s",5.35,2026-07-03T17:00:00.000-04:00,ok,
50053025,"RIO TURABO ABV BORINQUEN, PR",18.162222,-66.04,00065,"Gage height, ft",3.62,2026-07-03T17:00:00.000-04:00,ok,
50055000,"RIO GRANDE DE LOIZA AT CAGUAS, PR",18.24269444,-66.00958889,00060,"Streamflow, ft&#179;/s",51.0,2026-07-03T16:30:00.000-04:00,ok,
50055000,"RIO GRANDE DE LOIZA AT CAGUAS, PR",18.24269444,-66.00958889,00065,"Gage height, ft",4.27,2026-07-03T16:30:00.000-04:00,ok,
50055225,"RIO CAGUITAS AT VILLA BLANCA AT CAGUAS, PR",18.248703,-66.027633,00060,"Streamflow, ft&#179;/s",5.88,2026-07-03T17:15:00.000-04:00,ok,
50055225,"RIO CAGUITAS AT VILLA BLANCA AT CAGUAS, PR",18.248703,-66.027633,00065,"Gage height, ft",7.84,2026-07-03T17:15:00.000-04:00,ok,
50055380,"RIO BAIROA ABV BAIROA, CAGUAS, PR",18.258289,-66.044292,00060,"Streamflow, ft&#179;/s",1.08,2026-07-03T16:45:00.000-04:00,ok,
50055380,"RIO BAIROA ABV BAIROA, CAGUAS, PR",18.258289,-66.044292,00065,"Gage height, ft",4.12,2026-07-03T16:45:00.000-04:00,ok,
50055750,"RIO GURABO BLW EL MANGO, PR",18.234153,-65.885331,00060,"Streamflow, ft&#179;/s",5.34,2026-07-03T17:00:00.000-04:00,ok,
50055750,"RIO GURABO BLW EL MANGO, PR",18.234153,-65.885331,00065,"Gage height, ft",7.44,2026-07-03T17:00:00.000-04:00,ok,
50056400,"RIO VALENCIANO NR JUNCOS, PR",18.216072,-65.926169,00060,"Streamflow, ft&#179;/s",11.5,2026-07-03T17:15:00.000-04:00,ok,
50056400,"RIO VALENCIANO NR JUNCOS, PR",18.216072,-65.926169,00065,"Gage height, ft",2.98,2026-07-03T17:15:00.000-04:00,ok,
50057000,"RIO GURABO AT GURABO, PR",18.258489,-65.968075,00060,"Streamflow, ft&#179;/s",27.0,2026-07-03T16:45:00.000-04:00,ok,
50057000,"RIO GURABO AT GURABO, PR",18.258489,-65.968075,00065,"Gage height, ft",4.34,2026-07-03T16:45:00.000-04:00,ok,
50058350,"RIO CANAS AT RIO CANAS, PR",18.2945,-66.045089,00060,"Streamflow, ft&#179;/s",2.33,2026-07-03T17:15:00.000-04:00,ok,
50058350,"RIO CANAS AT RIO CANAS, PR",18.2945,-66.045089,00065,"Gage height, ft",9.07,2026-07-03T17:15:00.000-04:00,ok,
50059050,"RIO GRANDE DE LOIZA BLW LOIZA DAMSITE, PR",18.342269,-66.005975,00060,"Streamflow, ft&#179;/s",0.15,2026-07-03T16:45:00.000-04:00,ok,
50059050,"RIO GRANDE DE LOIZA BLW LOIZA DAMSITE, PR",18.342269,-66.005975,00065,"Gage height, ft",2.69,2026-07-03T16:45:00.000-04:00,ok,
50059210,"QUEBRADA GRANDE AT BO. DOS BOCAS, PR",18.350444,-65.990461,00060,"Streamflow, ft&#179;/s",4.03,2026-07-03T16:45:00.000-04:00,ok,
50059210,"QUEBRADA GRANDE AT BO. DOS BOCAS, PR",18.350444,-65.990461,00065,"Gage height, ft",3.88,2026-07-03T16:45:00.000-04:00,ok,
50061800,"RIO CANOVANAS NR CAMPO RICO, PR",18.318478,-65.888914,00060,"Streamflow, ft&#179;/s",1.7,2026-07-03T17:15:00.000-04:00,ok,
50061800,"RIO CANOVANAS NR CAMPO RICO, PR",18.318478,-65.888914,00065,"Gage height, ft",2.21,2026-07-03T17:15:00.000-04:00,ok,
50063800,"RIO ESPIRITU SANTO NR RIO GRANDE, PR",18.359908,-65.814,00060,"Streamflow, ft&#179;/s",3.85,2026-07-03T16:45:00.000-04:00,ok,
50063800,"RIO ESPIRITU SANTO NR RIO GRANDE, PR",18.359908,-65.814,00065,"Gage height, ft",3.05,2026-07-03T16:45:00.000-04:00,ok,
50064200,"RIO GRANDE NR EL VERDE, PR",18.345408,-65.841983,00060,"Streamflow, ft&#179;/s",3.9,2026-07-03T16:45:00.000-04:00,ok,
50064200,"RIO GRANDE NR EL VERDE, PR",18.345408,-65.841983,00065,"Gage height, ft",4.82,2026-07-03T16:45:00.000-04:00,ok,
50065500,"RIO MAMEYES NR SABANA, PR",18.328814,-65.750814,00060,"Streamflow, ft&#179;/s",15.6,2026-07-03T17:00:00.000-04:00,ok,
50065500,"RIO MAMEYES NR SABANA, PR",18.328814,-65.750814,00065,"Gage height, ft",2.13,2026-07-03T17:00:00.000-04:00,ok,
50067000,"RIO SABANA AT SABANA, PR",18.330961,-65.731011,00060,"Streamflow, ft&#179;/s",4.05,2026-07-03T17:00:00.000-04:00,ok,
50067000,"RIO SABANA AT SABANA, PR",18.330961,-65.731011,00065,"Gage height, ft",7.7,2026-07-03T17:00:00.000-04:00,ok,
50070900,"RIO FAJARDO AT PARAISO NR FAJARDO, PR",18.282814,-65.701067,00060,"Streamflow, ft&#179;/s",3.23,2026-07-03T17:15:00.000-04:00,ok,
50070900,"RIO FAJARDO AT PARAISO NR FAJARDO, PR",18.282814,-65.701067,00065,"Gage height, ft",4.18,2026-07-03T17:15:00.000-04:00,ok,
50071000,"RIO FAJARDO NR FAJARDO, PR",18.29895,-65.693828,00060,"Streamflow, ft&#179;/s",5.79,2026-07-03T16:45:00.000-04:00,ok,
50071000,"RIO FAJARDO NR FAJARDO, PR",18.29895,-65.693828,00065,"Gage height, ft",2.91,2026-07-03T16:45:00.000-04:00,ok,
50075500,"RIO BLANCO AT FLORIDA, PR",18.240833,-65.785,00060,"Streamflow, ft&#179;/s",4.89,2026-07-03T16:45:00.000-04:00,ok,
50075500,"RIO BLANCO AT FLORIDA, PR",18.240833,-65.785,00065,"Gage height, ft",3.7,2026-07-03T16:45:00.000-04:00,ok,
50081000,"RIO HUMACAO AT LAS PIEDRAS, PR",18.174058,-65.869439,00060,"Streamflow, ft&#179;/s",7.21,2026-07-03T17:00:00.000-04:00,ok,
50081000,"RIO HUMACAO AT LAS PIEDRAS, PR",18.174058,-65.869439,00065,"Gage height, ft",0.45,2026-07-03T17:00:00.000-04:00,ok,
50083500,"RIO GUAYANES NR YABUCOA, PR",18.058889,-65.901111,00060,"Streamflow, ft&#179;/s",17.9,2026-07-03T16:45:00.000-04:00,ok,
50083500,"RIO GUAYANES NR YABUCOA, PR",18.058889,-65.901111,00065,"Gage height, ft",10.23,2026-07-03T16:45:00.000-04:00,ok,
50085100,"RIO GUAYANES AT CENTRAL ROIG, PR",18.066389,-65.874167,00060,"Streamflow, ft&#179;/s",24.6,2026-07-03T16:30:00.000-04:00,ok,
50085100,"RIO GUAYANES AT CENTRAL ROIG, PR",18.066389,-65.874167,00065,"Gage height, ft",12.23,2026-07-03T16:30:00.000-04:00,ok,
50090500,"RIO MAUNABO AT LIZAS, PR",18.027222,-65.94,00060,"Streamflow, ft&#179;/s",6.45,2026-07-03T16:30:00.000-04:00,ok,
50090500,"RIO MAUNABO AT LIZAS, PR",18.027222,-65.94,00065,"Gage height, ft",3.94,2026-07-03T16:30:00.000-04:00,ok,
50092000,"RIO GRANDE DE PATILLAS NR PATILLAS, PR",18.034167,-66.0325,00060,"Streamflow, ft&#179;/s",15.7,2026-07-03T17:00:00.000-04:00,ok,
50092000,"RIO GRANDE DE PATILLAS NR PATILLAS, PR",18.034167,-66.0325,00065,"Gage height, ft",4.77,2026-07-03T17:00:00.000-04:00,ok,
50093000,"RIO MARIN NR PATILLAS, PR",18.037778,-66.009722,00060,"Streamflow, ft&#179;/s",5.23,2026-07-03T16:45:00.000-04:00,ok,
50093000,"RIO MARIN NR PATILLAS, PR",18.037778,-66.009722,00065,"Gage height, ft",6.32,2026-07-03T16:45:00.000-04:00,ok,
50093053,"CANAL DE PATILLAS AT FOREBAY, PR",18.020833,-66.023056,00060,"Streamflow, ft&#179;/s",21.7,2026-07-03T17:15:00.000-04:00,ok,
50093053,"CANAL DE PATILLAS AT FOREBAY, PR",18.020833,-66.023056,00065,"Gage height, ft",1.57,2026-07-03T17:15:00.000-04:00,ok,
50093075,"CANAL DE PATILLAS ABV GUAYAMA FILTRATION PLANT, PR",17.9825,-66.101111,00060,"Streamflow, ft&#179;/s",19.7,2026-07-03T16:30:00.000-04:00,ok,
50093075,"CANAL DE PATILLAS ABV GUAYAMA FILTRATION PLANT, PR",17.9825,-66.101111,00065,"Gage height, ft",2.58,2026-07-03T16:30:00.000-04:00,ok,
50093078,"CANAL DE PATILLAS BLW GUAYAMA FILTRATION PLANT, PR",17.9825,-66.101389,00060,"Streamflow, ft&#179;/s",12.1,2026-07-03T16:30:00.000-04:00,ok,
50093078,"CANAL DE PATILLAS BLW GUAYAMA FILTRATION PLANT, PR",17.9825,-66.101389,00065,"Gage height, ft",1.46,2026-07-03T16:30:00.000-04:00,ok,
50093083,"CANAL DE PATILLAS ABV AES INTAKE AT GUAYAMA, PR",17.969722,-66.139167,00060,"Streamflow, ft&#179;/s",7.52,2026-07-03T17:00:00.000-04:00,ok,
50093083,"CANAL DE PATILLAS ABV AES INTAKE AT GUAYAMA, PR",17.969722,-66.139167,00065,"Gage height, ft",1.4,2026-07-03T17:00:00.000-04:00,ok,
50093084,"AES INTAKE CANAL AT CANAL DE PATILLAS, GUAYAMA, PR",17.969722,-66.139167,00065,"Gage height, ft",1.45,2026-07-03T17:00:00.000-04:00,ok,
50093090,"CANAL DE PATILLAS ABV EL LEGADO INTAKE, PR",17.9763551,-66.17961113,00060,"Streamflow, ft&#179;/s",3.4,2026-07-03T16:45:00.000-04:00,ok,
50093090,"CANAL DE PATILLAS ABV EL LEGADO INTAKE, PR",17.9763551,-66.17961113,00065,"Gage height, ft",1.23,2026-07-03T16:45:00.000-04:00,ok,
50093110,"CANAL DE PATILLAS AT INTAKE 113 SALINAS, PR",17.982936,-66.2672,00060,"Streamflow, ft&#179;/s",1.57,2026-07-03T17:00:00.000-04:00,ok,
50093110,"CANAL DE PATILLAS AT INTAKE 113 SALINAS, PR",17.982936,-66.2672,00065,"Gage height, ft",1.18,2026-07-03T17:00:00.000-04:00,ok,
50093115,"CANAL DE PATILLAS AT INTAKE 123, SALINAS PR",17.985522,-66.288017,00060,"Streamflow, ft&#179;/s",3.54,2026-07-03T17:00:00.000-04:00,ok,
50093115,"CANAL DE PATILLAS AT INTAKE 123, SALINAS PR",17.985522,-66.288017,00065,"Gage height, ft",1.43,2026-07-03T17:00:00.000-04:00,ok,
50093120,"RIO GRANDE DE PATILLAS BLW LAGO PATILLAS, PR",18.016389,-66.023611,00060,"Streamflow, ft&#179;/s",0.0,2026-07-03T17:15:00.000-04:00,ok,
50093120,"RIO GRANDE DE PATILLAS BLW LAGO PATILLAS, PR",18.016389,-66.023611,00065,"Gage height, ft",3.89,2026-07-03T17:15:00.000-04:00,ok,
50095000,"CANAL DE GUAMANI OESTE AT HWY 15 GUAYAMA, PR",18.003056,-66.115556,00060,"Streamflow, ft&#179;/s",4.65,2026-07-03T17:15:00.000-04:00,ok,
50095000,"CANAL DE GUAMANI OESTE AT HWY 15 GUAYAMA, PR",18.003056,-66.115556,00065,"Gage height, ft",1.37,2026-07-03T17:15:00.000-04:00,ok,
50100200,"RIO LAPA NR RABO DEL BUEY, PR",18.059722,-66.241111,00060,"Streamflow, ft&#179;/s",0.25,2026-07-03T16:45:00.000-04:00,ok,
50100200,"RIO LAPA NR RABO DEL BUEY, PR",18.059722,-66.241111,00065,"Gage height, ft",5.25,2026-07-03T16:45:00.000-04:00,ok,
50100450,"RIO MAJADA AT LA PLENA, PR",18.044722,-66.2075,00060,"Streamflow, ft&#179;/s",0.52,2026-07-03T17:00:00.000-04:00,ok,
50100450,"RIO MAJADA AT LA PLENA, PR",18.044722,-66.2075,00065,"Gage height, ft",2.76,2026-07-03T17:00:00.000-04:00,ok,
50106100,"RIO COAMO AT HWY 14 AT COAMO, PR",18.083506,-66.354819,00060,"Streamflow, ft&#179;/s",10.2,2026-07-03T17:00:00.000-04:00,ok,
50106100,"RIO COAMO AT HWY 14 AT COAMO, PR",18.083506,-66.354819,00065,"Gage height, ft",4.77,2026-07-03T17:00:00.000-04:00,ok,
50106500,"RIO COAMO NR COAMO, PR",18.06246243,-66.36905854,00060,"Streamflow, ft&#179;/s",,,ok,
50110650,RIO JACAGUAS ABV LAGO GUAYABAL,18.116589,-66.504653,00060,"Streamflow, ft&#179;/s",20.8,2026-07-03T16:30:00.000-04:00,ok,
50110650,RIO JACAGUAS ABV LAGO GUAYABAL,18.116589,-66.504653,00065,"Gage height, ft",4.1,2026-07-03T16:30:00.000-04:00,ok,
50110900,"RIO TOA VACA ABV LAGO TOA VACA, PR",18.1265,-66.457783,00060,"Streamflow, ft&#179;/s",2.95,2026-07-03T17:15:00.000-04:00,ok,
50110900,"RIO TOA VACA ABV LAGO TOA VACA, PR",18.1265,-66.457783,00065,"Gage height, ft",1.62,2026-07-03T17:15:00.000-04:00,ok,
50111315,"RIO JACAGUAS BLW HWY 149 NR VILLALBA, PR",18.0831,-66.503936,00065,"Gage height, ft",4.26,2026-07-03T16:45:00.000-04:00,ok,
50111320,CANAL DE JUANA DIAZ AT PIEDRA AGUZADA NR JUANA DIA,18.039953,-66.488756,00060,"Streamflow, ft&#179;/s",18.9,2026-07-03T17:30:00.000-04:00,ok,
50111320,CANAL DE JUANA DIAZ AT PIEDRA AGUZADA NR JUANA DIA,18.039953,-66.488756,00065,"Gage height, ft",1.81,2026-07-03T17:30:00.000-04:00,ok,
50111330,CANAL DE JUANA DIAZ AT PASO SECO NR SANTA ISABEL,18.014328,-66.390317,00060,"Streamflow, ft&#179;/s",8.02,2026-07-03T17:30:00.000-04:00,ok,
50111330,CANAL DE JUANA DIAZ AT PASO SECO NR SANTA ISABEL,18.014328,-66.390317,00065,"Gage height, ft",1.47,2026-07-03T17:30:00.000-04:00,ok,
50111340,"CANAL DE JUANA DIAZ AT BO. PENUELAS NR SALINAS, PR",17.998278,-66.341892,00060,"Streamflow, ft&#179;/s",1.9,2026-07-03T17:00:00.000-04:00,ok,
50111340,"CANAL DE JUANA DIAZ AT BO. PENUELAS NR SALINAS, PR",17.998278,-66.341892,00065,"Gage height, ft",1.38,2026-07-03T17:00:00.000-04:00,ok,
50111500,"RIO JACAGUAS AT JUANA DIAZ, PR",18.054297,-66.511025,00060,"Streamflow, ft&#179;/s",6.2,2026-07-03T17:00:00.000-04:00,ok,
50111500,"RIO JACAGUAS AT JUANA DIAZ, PR",18.054297,-66.511025,00065,"Gage height, ft",4.4,2026-07-03T17:00:00.000-04:00,ok,
50112500,"RIO INABON AT REAL ABAJO, PR",18.086478,-66.563075,00060,"Streamflow, ft&#179;/s",6.64,2026-07-03T16:30:00.000-04:00,ok,
50112500,"RIO INABON AT REAL ABAJO, PR",18.086478,-66.563075,00065,"Gage height, ft",1.45,2026-07-03T16:30:00.000-04:00,ok,
50113800,"RIO CERRILLOS ABV LAGO CERRILLOS NR PONCE, PR",18.116786,-66.604889,00060,"Streamflow, ft&#179;/s",11.0,2026-07-03T17:00:00.000-04:00,ok,
50113800,"RIO CERRILLOS ABV LAGO CERRILLOS NR PONCE, PR",18.116786,-66.604889,00065,"Gage height, ft",0.43,2026-07-03T17:00:00.000-04:00,ok,
50114000,"RIO CERRILLOS BLW LAGO CERRILLOS NR PONCE, PR",18.07285,-66.581392,00060,"Streamflow, ft&#179;/s",6.09,2026-07-03T17:15:00.000-04:00,ok,
50114000,"RIO CERRILLOS BLW LAGO CERRILLOS NR PONCE, PR",18.07285,-66.581392,00065,"Gage height, ft",0.98,2026-07-03T17:15:00.000-04:00,ok,
50114900,"RIO PORTUGUES NR TIBES, PR",18.099878,-66.642869,00060,"Streamflow, ft&#179;/s",4.17,2026-07-03T17:00:00.000-04:00,ok,
50114900,"RIO PORTUGUES NR TIBES, PR",18.099878,-66.642869,00065,"Gage height, ft",4.18,2026-07-03T17:00:00.000-04:00,ok,
50115240,RIO PORTUGUES AT PARQUE CEREMONIAL TIBES NR PONCE,18.043569,-66.621508,00060,"Streamflow, ft&#179;/s",3.11,2026-07-03T16:45:00.000-04:00,ok,
50115240,RIO PORTUGUES AT PARQUE CEREMONIAL TIBES NR PONCE,18.043569,-66.621508,00065,"Gage height, ft",2.26,2026-07-03T16:45:00.000-04:00,ok,
50124200,"RIO GUAYANILLA NEAR GUAYANILLA, PR",18.044239,-66.798164,00060,"Streamflow, ft&#179;/s",4.0,2026-07-03T17:15:00.000-04:00,ok,
50124200,"RIO GUAYANILLA NEAR GUAYANILLA, PR",18.044239,-66.798164,00065,"Gage height, ft",4.78,2026-07-03T17:15:00.000-04:00,ok,
50126150,"RIO YAUCO ABV DIVERSION MONSERRATE NR YAUCO, PR",18.049194,-66.841864,00060,"Streamflow, ft&#179;/s",2.71,2026-07-03T16:30:00.000-04:00,ok,
50126150,"RIO YAUCO ABV DIVERSION MONSERRATE NR YAUCO, PR",18.049194,-66.841864,00065,"Gage height, ft",1.36,2026-07-03T16:30:00.000-04:00,ok,
50128905,CANAL DE RIEGO DE LAJAS BLW LAGO LOCO DAM YAUCO PR,18.043044,-66.888561,00060,"Streamflow, ft&#179;/s",35.8,2026-07-03T17:15:00.000-04:00,ok,
50128905,CANAL DE RIEGO DE LAJAS BLW LAGO LOCO DAM YAUCO PR,18.043044,-66.888561,00065,"Gage height, ft",1.02,2026-07-03T17:15:00.000-04:00,ok,
50128907,"LATERAL M5L, CANAL DE RIEGO DE LAJAS SABANA GRANDE",18.035028,-66.898117,00060,"Streamflow, ft&#179;/s",1.61,2026-07-03T17:00:00.000-04:00,ok,
50128907,"LATERAL M5L, CANAL DE RIEGO DE LAJAS SABANA GRANDE",18.035028,-66.898117,00065,"Gage height, ft",1.26,2026-07-03T17:00:00.000-04:00,ok,
50128920,CANAL DE RIEGO DE LAJAS ABV MAJINAS FILT. PLANT PR,18.045869,-66.949139,00060,"Streamflow, ft&#179;/s",33.9,2026-07-03T17:15:00.000-04:00,ok,
50128920,CANAL DE RIEGO DE LAJAS ABV MAJINAS FILT. PLANT PR,18.045869,-66.949139,00065,"Gage height, ft",2.08,2026-07-03T17:15:00.000-04:00,ok,
50128925,CANAL DE RIEGO DE LAJAS BLW MAJINAS FILT. PLANT PR,18.044567,-66.950094,00060,"Streamflow, ft&#179;/s",28.4,2026-07-03T17:30:00.000-04:00,ok,
50128925,CANAL DE RIEGO DE LAJAS BLW MAJINAS FILT. PLANT PR,18.044567,-66.950094,00065,"Gage height, ft",2.96,2026-07-03T17:30:00.000-04:00,ok,
50128933,CANAL RIEGO DE LAJAS ABV LAJAS FILTRATION PLANT,18.045056,-67.052553,00060,"Streamflow, ft&#179;/s",19.2,2026-07-03T17:00:00.000-04:00,ok,
50128933,CANAL RIEGO DE LAJAS ABV LAJAS FILTRATION PLANT,18.045056,-67.052553,00065,"Gage height, ft",2.65,2026-07-03T17:00:00.000-04:00,ok,
50128940,CANAL DE RIEGO DE LAJAS BLW LAJAS FILT PLANT LAJAS,18.045342,-67.055286,00060,"Streamflow, ft&#179;/s",10.5,2026-07-03T16:45:00.000-04:00,ok,
50128940,CANAL DE RIEGO DE LAJAS BLW LAJAS FILT PLANT LAJAS,18.045342,-67.055286,00065,"Gage height, ft",1.49,2026-07-03T16:45:00.000-04:00,ok,
50128945,CANAL DE RIEGO DE LAJAS AT BO. PALMAREJO NR LAJAS,18.039197,-67.078975,00060,"Streamflow, ft&#179;/s",8.59,2026-07-03T17:00:00.000-04:00,ok,
50128945,CANAL DE RIEGO DE LAJAS AT BO. PALMAREJO NR LAJAS,18.039197,-67.078975,00065,"Gage height, ft",1.64,2026-07-03T17:00:00.000-04:00,ok,
50128948,"CANAL DE RIEGO DE LAJAS AT BO. BETANCES, PR",18.038789,-67.132144,00060,"Streamflow, ft&#179;/s",6.14,2026-07-03T16:45:00.000-04:00,ok,
50128948,"CANAL DE RIEGO DE LAJAS AT BO. BETANCES, PR",18.038789,-67.132144,00065,"Gage height, ft",1.53,2026-07-03T16:45:00.000-04:00,ok,
50129254,"RIO LOCO AT LAS LATAS NR LA JOYA NR GUANICA, PR",18.009161,-66.8767,00060,"Streamflow, ft&#179;/s",,,ok,
50129254,"RIO LOCO AT LAS LATAS NR LA JOYA NR GUANICA, PR",18.009161,-66.8767,00065,"Gage height, ft",,,ok,
50136400,"RIO ROSARIO NR HORMIGUEROS, PR",18.160086,-67.085764,00060,"Streamflow, ft&#179;/s",13.0,2026-07-03T16:30:00.000-04:00,ok,
50136400,"RIO ROSARIO NR HORMIGUEROS, PR",18.160086,-67.085764,00065,"Gage height, ft",1.29,2026-07-03T16:30:00.000-04:00,ok,
50138000,"RIO GUANAJIBO NR HORMIGUEROS, PR",18.142681,-67.14875,00060,"Streamflow, ft&#179;/s",35.5,2026-07-03T16:30:00.000-04:00,ok,
50138000,"RIO GUANAJIBO NR HORMIGUEROS, PR",18.142681,-67.14875,00065,"Gage height, ft",9.43,2026-07-03T16:30:00.000-04:00,ok,
50144000,"RIO GRANDE DE ANASCO NR SAN SEBASTIAN, PR",18.284167,-67.050961,00060,"Streamflow, ft&#179;/s",272.0,2026-07-03T17:00:00.000-04:00,ok,
50144000,"RIO GRANDE DE ANASCO NR SAN SEBASTIAN, PR",18.284167,-67.050961,00065,"Gage height, ft",2.77,2026-07-03T17:00:00.000-04:00,ok,
50147800,"RIO CULEBRINAS AT HWY 404 NR MOCA, PR",18.361739,-67.092544,00060,"Streamflow, ft&#179;/s",4750.0,2026-07-03T17:00:00.000-04:00,ok,
50147800,"RIO CULEBRINAS AT HWY 404 NR MOCA, PR",18.361739,-67.092544,00065,"Gage height, ft",17.19,2026-07-03T17:00:00.000-04:00,ok,
50148890,"RIO CULEBRINAS AT MARGARITA DAMSITE NR AGUADA, PR",18.394503,-67.1512,00060,"Streamflow, ft&#179;/s",-999999.0,2026-07-03T16:45:00.000-04:00,ok,
50148890,"RIO CULEBRINAS AT MARGARITA DAMSITE NR AGUADA, PR",18.394503,-67.1512,00065,"Gage height, ft",15.7,2026-07-03T16:45:00.000-04:00,ok,
